Workbook

Sheet Instructions
B2: Grade Calculator — Template Built on Dummy Data
B4: This workbook is a working example, not your real grades. It shows how to combine category weights, dropped scores, a midterm/final replacement rule, and a participation bonus into one final grade — all driven by formulas so it recalculates automatically. Swap in your real scores and your teacher's actual policy and the numbers will update on their own.
B8: Color legend
B9: Blue text | C9: Raw score input — replace with your real scores (assignments, quizzes, exam points, bonus points earned).
B10: Yellow fill | C10: Policy / assumption cell — weights, drop counts, bonus cap, grade scale. Edit these to match your syllabus exactly.
B11: Black text | C11: Formula — do not overwrite. It recalculates automatically when inputs change.
B13: Sheet guide
B14: Grading Policy | C14: Category weights, drop-lowest rules, the midterm↔final replacement rule, the bonus rule, and the letter-grade scale.
B15: Assignments | C15: 10 dummy assignment scores; lowest 2 are auto-dropped.
B16: Quizzes | C16: 8 dummy quiz scores; lowest 1 is auto-dropped.
B17: Exams & Participation | C17: Midterm 1, Midterm 2, Final Exam scores, and participation bonus points.
B18: Grade Calculator | C18: Pulls every sheet together, applies the replacement rule, and computes the final grade and letter.
B20: To use with your real data
B21: 1) Open Grading Policy and enter your teacher's real weights, drop counts, replacement rule and bonus cap. 2) Open Assignments, Quizzes and Exams & Participation and replace every blue score with your real one (add or delete rows if your counts differ — just extend the formulas down). 3) Grade Calculator updates itself — no formulas there need to be touched.

Sheet Grading Policy
A1: Grading Policy (Sample — Edit to Match Your Syllabus)
A3: Category | B3: Weight | C3: # of Scores | D3: Drop Lowest | E3: Notes
A4: Assignments | B4: 0.2 | C4: 10 | D4: 2 | E4: Lowest 2 of 10 assignment scores are dropped before averaging.
A5: Quizzes | B5: 0.15 | C5: 8 | D5: 1 | E5: Lowest 1 of 8 quiz scores is dropped before averaging.
A6: Midterm 1 | B6: 0.15 | C6: 1 | D6: 0 | E6: May be replaced by the Final Exam % — see Replacement Rule below.
A7: Midterm 2 | B7: 0.15 | C7: 1 | D7: 0 | E7: May be replaced by the Final Exam % — see Replacement Rule below.
A8: Final Exam | B8: 0.35 | C8: 1 | D8: 0 | E8: Counted directly; also used for the midterm replacement rule.
A9: TOTAL | B9: =SUM(B4:B8) -> 1 | E9: Should equal 100%.
A11: Participation Bonus (Extra Credit)
A12: Max Bonus (percentage points) | B12: 3 | C12: Added directly to the final weighted % after all categories are combined; total is capped at 100%.
A15: Replacement Rule
A16: If the Final Exam percentage is higher than the lower of the two Midterm percentages, the Final Exam percentage replaces that lower Midterm score for weighting purposes. The higher Midterm score is always kept as-is. This rewards a strong final without penalizing an off day on one midterm.
A19: Grade Scale
A20: Min % (inclusive) | B20: Letter Grade
A21: 0 | B21: F
A22: 0.6 | B22: D
A23: 0.7 | B23: C-
A24: 0.73 | B24: C
A25: 0.77 | B25: C+
A26: 0.8 | B26: B-
A27: 0.83 | B27: B
A28: 0.87 | B28: B+
A29: 0.9 | B29: A-
A30: 0.93 | B30: A

Sheet Assignments
A1: Assignments — DUMMY DATA (replace with your real scores)
A3: # | B3: Assignment | C3: Max Points | D3: Score Earned | E3: % Score | F3: Rank (1=Lowest) | G3: Status
A4: 1 | B4: Assignment 1 | C4: 20 | D4: 18 | E4: =D4/C4 -> 0.9 | F4: =RANK(E4,$E$4:$E$13,1) -> 8 | G4: =IF(F4<='Grading Policy'!$D$4,"Dropped","Counted") -> Counted
A5: 2 | B5: Assignment 2 | C5: 20 | D5: 15 | E5: =D5/C5 -> 0.75 | F5: =RANK(E5,$E$4:$E$13,1) -> 3 | G5: =IF(F5<='Grading Policy'!$D$4,"Dropped","Counted") -> Counted
A6: 3 | B6: Assignment 3 | C6: 25 | D6: 23 | E6: =D6/C6 -> 0.92 | F6: =RANK(E6,$E$4:$E$13,1) -> 9 | G6: =IF(F6<='Grading Policy'!$D$4,"Dropped","Counted") -> Counted
A7: 4 | B7: Assignment 4 | C7: 25 | D7: 20 | E7: =D7/C7 -> 0.8 | F7: =RANK(E7,$E$4:$E$13,1) -> 4 | G7: =IF(F7<='Grading Policy'!$D$4,"Dropped","Counted") -> Counted
A8: 5 | B8: Assignment 5 | C8: 20 | D8: 12 | E8: =D8/C8 -> 0.6 | F8: =RANK(E8,$E$4:$E$13,1) -> 2 | G8: =IF(F8<='Grading Policy'!$D$4,"Dropped","Counted") -> Dropped
A9: 6 | B9: Assignment 6 | C9: 30 | D9: 25 | E9: =D9/C9 -> 0.83333333 | F9: =RANK(E9,$E$4:$E$13,1) -> 5 | G9: =IF(F9<='Grading Policy'!$D$4,"Dropped","Counted") -> Counted
A10: 7 | B10: Assignment 7 | C10: 20 | D10: 19 | E10: =D10/C10 -> 0.95 | F10: =RANK(E10,$E$4:$E$13,1) -> 10 | G10: =IF(F10<='Grading Policy'!$D$4,"Dropped","Counted") -> Counted
A11: 8 | B11: Assignment 8 | C11: 25 | D11: 14 | E11: =D11/C11 -> 0.56 | F11: =RANK(E11,$E$4:$E$13,1) -> 1 | G11: =IF(F11<='Grading Policy'!$D$4,"Dropped","Counted") -> Dropped
A12: 9 | B12: Assignment 9 | C12: 30 | D12: 26 | E12: =D12/C12 -> 0.86666667 | F12: =RANK(E12,$E$4:$E$13,1) -> 7 | G12: =IF(F12<='Grading Policy'!$D$4,"Dropped","Counted") -> Counted
A13: 10 | B13: Assignment 10 | C13: 20 | D13: 17 | E13: =D13/C13 -> 0.85 | F13: =RANK(E13,$E$4:$E$13,1) -> 6 | G13: =IF(F13<='Grading Policy'!$D$4,"Dropped","Counted") -> Counted
A15: Category Average (after drops) | E15: =AVERAGEIF(G4:G13,"Counted",E4:E13) -> 0.85875
A17: Lowest scores dropped (from policy): | B17: ='Grading Policy'!D4 -> 2

Sheet Quizzes
A1: Quizzes — DUMMY DATA (replace with your real scores)
A3: # | B3: Quiz | C3: Max Points | D3: Score Earned | E3: % Score | F3: Rank (1=Lowest) | G3: Status
A4: 1 | B4: Quiz 1 | C4: 10 | D4: 9 | E4: =D4/C4 -> 0.9 | F4: =RANK(E4,$E$4:$E$11,1) -> 6 | G4: =IF(F4<='Grading Policy'!$D$5,"Dropped","Counted") -> Counted
A5: 2 | B5: Quiz 2 | C5: 10 | D5: 7 | E5: =D5/C5 -> 0.7 | F5: =RANK(E5,$E$4:$E$11,1) -> 2 | G5: =IF(F5<='Grading Policy'!$D$5,"Dropped","Counted") -> Counted
A6: 3 | B6: Quiz 3 | C6: 10 | D6: 8 | E6: =D6/C6 -> 0.8 | F6: =RANK(E6,$E$4:$E$11,1) -> 4 | G6: =IF(F6<='Grading Policy'!$D$5,"Dropped","Counted") -> Counted
A7: 4 | B7: Quiz 4 | C7: 10 | D7: 10 | E7: =D7/C7 -> 1 | F7: =RANK(E7,$E$4:$E$11,1) -> 8 | G7: =IF(F7<='Grading Policy'!$D$5,"Dropped","Counted") -> Counted
A8: 5 | B8: Quiz 5 | C8: 10 | D8: 6 | E8: =D8/C8 -> 0.6 | F8: =RANK(E8,$E$4:$E$11,1) -> 1 | G8: =IF(F8<='Grading Policy'!$D$5,"Dropped","Counted") -> Dropped
A9: 6 | B9: Quiz 6 | C9: 10 | D9: 8.5 | E9: =D9/C9 -> 0.85 | F9: =RANK(E9,$E$4:$E$11,1) -> 5 | G9: =IF(F9<='Grading Policy'!$D$5,"Dropped","Counted") -> Counted
A10: 7 | B10: Quiz 7 | C10: 10 | D10: 7.5 | E10: =D10/C10 -> 0.75 | F10: =RANK(E10,$E$4:$E$11,1) -> 3 | G10: =IF(F10<='Grading Policy'!$D$5,"Dropped","Counted") -> Counted
A11: 8 | B11: Quiz 8 | C11: 10 | D11: 9.5 | E11: =D11/C11 -> 0.95 | F11: =RANK(E11,$E$4:$E$11,1) -> 7 | G11: =IF(F11<='Grading Policy'!$D$5,"Dropped","Counted") -> Counted
A13: Category Average (after drops) | E13: =AVERAGEIF(G4:G11,"Counted",E4:E11) -> 0.85
A15: Lowest scores dropped (from policy): | B15: ='Grading Policy'!D5 -> 1

Sheet Exams & Participation
A1: Exams & Participation — DUMMY DATA (replace with your real scores)
A3: Item | B3: Max Points | C3: Score Earned | D3: % Score
A4: Midterm 1 | B4: 100 | C4: 78 | D4: =C4/B4 -> 0.78
A5: Midterm 2 | B5: 100 | C5: 82 | D5: =C5/B5 -> 0.82
A6: Final Exam | B6: 100 | C6: 90 | D6: =C6/B6 -> 0.9
A8: Participation
B9: Max Bonus (pts) | C9: Points Earned
A10: Bonus | B10: ='Grading Policy'!B12 -> 3 | C10: 2.5

Sheet Grade Calculator
A1: Grade Calculator
A3: Category Scores (pulled from other sheets)
A4: Assignments Category Average | B4: =Assignments!E15 -> 0.85875
A5: Quizzes Category Average | B5: =Quizzes!E13 -> 0.85
A6: Midterm 1 % | B6: ='Exams & Participation'!D4 -> 0.78
A7: Midterm 2 % | B7: ='Exams & Participation'!D5 -> 0.82
A8: Final Exam % | B8: ='Exams & Participation'!D6 -> 0.9
A9: Participation Points Earned | B9: ='Exams & Participation'!C10 -> 2.5
A11: Replacement Rule Applied
A12: Lower Midterm % | B12: =MIN(B6,B7) -> 0.78
A13: Higher Midterm % | B13: =MAX(B6,B7) -> 0.82
A14: Replacement Triggered? (Final % > Lower Midterm %) | B14: =IF(B8>B12,"Yes","No") -> Yes
A15: Adjusted Lower Midterm % (used in weighting) | B15: =IF(B8>B12,B8,B12) -> 0.9
A17: Weighted Calculation
A18: Category | B18: Weight | C18: Score Used | D18: Weighted Contribution
A19: Assignments | B19: ='Grading Policy'!B4 -> 0.2 | C19: =B4 -> 0.85875 | D19: =B19*C19 -> 0.17175
A20: Quizzes | B20: ='Grading Policy'!B5 -> 0.15 | C20: =B5 -> 0.85 | D20: =B20*C20 -> 0.1275
A21: Midterm (Lower, post-replacement) | B21: ='Grading Policy'!B6 -> 0.15 | C21: =B15 -> 0.9 | D21: =B21*C21 -> 0.135
A22: Midterm (Higher) | B22: ='Grading Policy'!B7 -> 0.15 | C22: =B13 -> 0.82 | D22: =B22*C22 -> 0.123
A23: Final Exam | B23: ='Grading Policy'!B8 -> 0.35 | C23: =B8 -> 0.9 | D23: =B23*C23 -> 0.315
A24: Subtotal (Weighted %, before bonus) | B24: =SUM(B19:B23) -> 1 | D24: =SUM(D19:D23) -> 0.87225
A26: Bonus & Final Grade
A27: Participation Bonus (percentage points) | B27: =B9 -> 2.5
A28: Final Grade % (weighted + bonus, capped at 100%) | B28: =MIN(D24+B27/100,1) -> 0.89725
A29: Letter Grade | B29: =INDEX('Grading Policy'!$B$21:$B$30,MATCH(B28,'Grading Policy'!$A$21:$A$30,1)) -> B+
A31: ="FINAL GRADE: "&TEXT(B28,"0.0%")&" ("&B29&")" -> FINAL GRADE: 89.7% (B+)
